{
	"__comment": "Designed by HanFox - http://bdcraft.net",
	"parent": "block/block",
	"elements": [
		{
			"from": [ 5, 6, 6 ],
			"to": [ 11, 10, 10 ],
			"faces": {
				"down": { "uv": [ 10, 12, 16, 16 ], "texture": "#texture", "rotation": 180 },
				"up": { "uv": [ 10, 12, 16, 16 ], "texture": "#texture", "rotation": 180 },
				"north": { "uv": [ 10, 12, 16, 16 ], "texture": "#texture" },
				"south": { "uv": [ 10, 12, 16, 16 ], "texture": "#texture" },
				"west": { "uv": [ 0, 12, 4, 16 ], "texture": "#texture" },
				"east": { "uv": [ 0, 12, 4, 16 ], "texture": "#texture" }
			}
		}
	],
	"display": {
		"thirdperson_righthand": {
			"rotation":  [ 75, 45, 0 ],
			"translation":  [ 0, 0.5, 0 ],
			"scale":  [ 0.375, 0.375, 0.375 ]
		},
		"firstperson_righthand": {
			"rotation":  [ 0, 145, 0 ],
			"scale":  [ 0.4, 0.4, 0.4 ]
		},
		"firstperson_lefthand": {
			"rotation":  [ 0, 145, 0 ],
			"scale":  [ 0.4, 0.4, 0.4 ]
		}
	}
}
