{
	"__comment": "Designed by HanFox with Cubik Studio - https://cubik.studio",
	"ambientocclusion": false,
	"textures": {
		"particle": "block/mangrove_door_top",
		"texture": "block/mangrove_door_top"
	},
	"elements": [ 	 
		{
			"__comment": "Element",
			"from": [ 0, 0, 0 ],
			"to": [ 3, 16, 16 ],
			"faces": {
				"up": { "uv": [ 4.25, 0, 4, 2 ], "texture": "#texture", "cullface": "up", "rotation": 270 },
				"north": { "uv": [ 0, 0, 0.25, 16 ], "texture": "#texture", "cullface": "north" },
				"south": { "uv": [ 4.25, 0, 4, 2 ], "texture": "#texture", "cullface": "south", "rotation": 270 },
				"west": { "uv": [ 0, 0, 16, 16 ], "texture": "#texture", "cullface": "west" },
				"east": { "uv": [ 16, 0, 0, 16 ], "texture": "#texture" }
			}
		}
	]
}