{
	"__comment": "Designed by Eskimojo14 with Cubik Studio - https://cubik.studio",
	"parent": "block/thin_block",
	"textures": {
		"particle": "#texture",
		"texture": "block/mangrove_trapdoor"
	},
	"elements": [ 	 
		{
			"__comment": "Box9",
			"from": [ 0, 0, 0 ],
			"to": [ 16, 3, 16 ],
			"faces": {
				"down": { "uv": [ 0, 0, 16, 16 ], "texture": "#texture", "cullface": "down", "rotation": 180 },
				"up": { "uv": [ 0, 0, 16, 16 ], "texture": "#texture" },
				"north": { "uv": [ 6.5, 13.5, 7, 16 ], "texture": "#texture", "cullface": "north" },
				"south": { "uv": [ 6.5, 13.5, 7, 16 ], "texture": "#texture", "cullface": "south" },
				"west": { "uv": [ 6.5, 13.5, 7, 16 ], "texture": "#texture", "cullface": "west" },
				"east": { "uv": [ 6.5, 13.5, 7, 16 ], "texture": "#texture", "cullface": "east" }
			}
		},
		{
			"__comment": "innercorner",
			"from": [ 10, 0.001, 4 ],
			"to": [ 13, 2.999, 5 ],
			"rotation": { "origin": [ 10, 0, 5 ], "axis": "y", "angle": -45 },
			"faces": {
				"down": { "uv": [ 2.25, 4.75, 2.5, 5 ], "texture": "#texture", "rotation": 90 },
				"up": { "uv": [ 2.25, 4.75, 2.5, 5 ], "texture": "#texture", "rotation": 270 },
				"south": { "uv": [ 8.75, 11, 9.25, 12.25 ], "texture": "#texture" }
			}
		},
		{
			"__comment": "Box14",
			"from": [ 4, 0, 6 ],
			"to": [ 5, 3, 10 ],
			"faces": {
				"east": { "uv": [ 8.75, 11, 9.25, 12.25 ], "texture": "#texture" }
			}
		},
		{
			"__comment": "Box14",
			"from": [ 6, 0, 4 ],
			"to": [ 10, 3, 5 ],
			"faces": {
				"south": { "uv": [ 8.75, 11, 9.25, 12.25 ], "texture": "#texture" }
			}
		},
		{
			"__comment": "Box14",
			"from": [ 11, 0, 6 ],
			"to": [ 12, 3, 10 ],
			"faces": {
				"west": { "uv": [ 8.75, 11, 9.25, 12.25 ], "texture": "#texture" }
			}
		},
		{
			"__comment": "Box14",
			"from": [ 6, 0, 11 ],
			"to": [ 10, 3, 12 ],
			"faces": {
				"north": { "uv": [ 8.75, 11, 9.25, 12.25 ], "texture": "#texture" }
			}
		},
		{
			"__comment": "innercorner",
			"from": [ 4, 0.001, 3 ],
			"to": [ 5, 2.999, 6 ],
			"rotation": { "origin": [ 5, 0, 6 ], "axis": "y", "angle": -45 },
			"faces": {
				"down": { "uv": [ 2.25, 4.75, 2.5, 5 ], "texture": "#texture", "rotation": 180 },
				"up": { "uv": [ 2.25, 4.75, 2.5, 5 ], "texture": "#texture", "rotation": 180 },
				"east": { "uv": [ 8.75, 11, 9.25, 12.25 ], "texture": "#texture" }
			}
		},
		{
			"__comment": "innercorner",
			"from": [ 3, 0.001, 11 ],
			"to": [ 6, 2.999, 12 ],
			"rotation": { "origin": [ 6, 0, 11 ], "axis": "y", "angle": -45 },
			"faces": {
				"down": { "uv": [ 2.25, 4.75, 2.5, 5 ], "texture": "#texture", "rotation": 270 },
				"up": { "uv": [ 2.25, 4.75, 2.5, 5 ], "texture": "#texture", "rotation": 90 },
				"north": { "uv": [ 8.75, 11, 9.25, 12.25 ], "texture": "#texture" }
			}
		},
		{
			"__comment": "innercorner",
			"from": [ 11, 0.001, 10 ],
			"to": [ 12, 2.999, 13 ],
			"rotation": { "origin": [ 11, 0, 10 ], "axis": "y", "angle": -45 },
			"faces": {
				"down": { "uv": [ 2.25, 4.75, 2.5, 5 ], "texture": "#texture" },
				"up": { "uv": [ 2.25, 4.75, 2.5, 5 ], "texture": "#texture" },
				"west": { "uv": [ 8.75, 11, 9.25, 12.25 ], "texture": "#texture" }
			}
		}
	]
}