{
	"__comment": "Designed by HanFox with Cubik Studio - https://cubik.studio",
	"textures": {
		"particle": "block/candle",
		"all": "block/_bdc/candles_02"
	},
	"elements": [ 	 
		{
			"__comment": "Element",
			"from": [ 7, 0, 7 ],
			"to": [ 9, 6, 9 ],
			"faces": {
				"down": { "uv": [ 14, 14, 16, 16 ], "texture": "#all", "cullface": "down" },
				"up": { "uv": [ 14, 6, 16, 8 ], "texture": "#all" },
				"north": { "uv": [ 14, 8, 16, 14 ], "texture": "#all" },
				"south": { "uv": [ 14, 8, 16, 14 ], "texture": "#all" },
				"west": { "uv": [ 14, 8, 16, 14 ], "texture": "#all" },
				"east": { "uv": [ 14, 8, 16, 14 ], "texture": "#all" }
			}
		},
		{
			"__comment": "Element",
			"from": [ 7.5, 6, 8 ],
			"to": [ 8.5, 7, 8.001 ],
			"rotation": { "origin": [ 8, 6, 8 ], "axis": "y", "angle": 45 },
			"faces": {
				"north": { "uv": [ 0, 5, 1, 6 ], "texture": "#all" },
				"south": { "uv": [ 0, 5, 1, 6 ], "texture": "#all" }
			}
		},
		{
			"__comment": "Element",
			"from": [ 7.5, 6, 8 ],
			"to": [ 8.5, 7, 8.001 ],
			"rotation": { "origin": [ 8, 6, 8 ], "axis": "y", "angle": -45 },
			"faces": {
				"north": { "uv": [ 0, 5, 1, 6 ], "texture": "#all" },
				"south": { "uv": [ 0, 5, 1, 6 ], "texture": "#all" }
			}
		}
	],
	"display": {
		"thirdperson_righthand": {
			"rotation":  [ 0, -90, -45 ],
			"translation":  [ 0, 4, 6 ],
			"scale":  [ 0.85, 0.85, 0.85 ]
		},
		"thirdperson_lefthand": {
			"rotation":  [ 0, -90, -45 ],
			"translation":  [ 0, 4, 6 ],
			"scale":  [ 0.85, 0.85, 0.85 ]
		},
		"firstperson_righthand": {
			"rotation":  [ 0, -90, 25 ],
			"translation":  [ 1, 5, 1 ],
			"scale":  [ 0.68, 0.68, 0.68 ]
		},
		"firstperson_lefthand": {
			"rotation":  [ 0, -90, 25 ],
			"translation":  [ 1, 5, 1 ],
			"scale":  [ 0.68, 0.68, 0.68 ]
		},
		"gui": {
			"rotation":  [ 30, 225, 0 ],
			"translation":  [ 0, 6, 0 ],
			"scale":  [ 1.5, 1.5, 1.5 ]
		},
		"ground": {
			"translation":  [ 0, 2, 0 ],
			"scale":  [ 0.5, 0.5, 0.5 ]
		},
		"fixed": {
			"translation":  [ 0, 7, 0 ],
			"scale":  [ 1.5, 1.5, 1.5 ]
		}
	}
}